nvarsOrig,nclausesOrig,nvars,nclauses,reducedVars,reducedClauses,Pre-featuretime,vars-clauses-ratio,POSNEG-RATIO-CLAUSE-mean,POSNEG-RATIO-CLAUSE-coeff-variation,POSNEG-RATIO-CLAUSE-min,POSNEG-RATIO-CLAUSE-max,POSNEG-RATIO-CLAUSE-entropy,VCG-CLAUSE-mean,VCG-CLAUSE-coeff-variation,VCG-CLAUSE-min,VCG-CLAUSE-max,VCG-CLAUSE-entropy,UNARY,BINARY+,TRINARY+,Basic-featuretime,VCG-VAR-mean,VCG-VAR-coeff-variation,VCG-VAR-min,VCG-VAR-max,VCG-VAR-entropy,POSNEG-RATIO-VAR-mean,POSNEG-RATIO-VAR-stdev,POSNEG-RATIO-VAR-min,POSNEG-RATIO-VAR-max,POSNEG-RATIO-VAR-entropy,HORNY-VAR-mean,HORNY-VAR-coeff-variation,HORNY-VAR-min,HORNY-VAR-max,HORNY-VAR-entropy,horn-clauses-fraction,VG-mean,VG-coeff-variation,VG-min,VG-max,KLB-featuretime,CG-mean,CG-coeff-variation,CG-min,CG-max,CG-entropy,cluster-coeff-mean,cluster-coeff-coeff-variation,cluster-coeff-min,cluster-coeff-max,cluster-coeff-entropy,CG-featuretime,solved,instance_name
175.0,621.0,174.0,617.0,0.005747126,0.006482982,0.0,0.282009724,0.472025417,0.789554809,0.0,1.0,1.434144384,0.018116954,0.51333459,0.011494253,0.057471264,1.192962497,0.0,0.325769854,0.875202593,0.0,0.018116954,0.361515641,0.006482982,0.045380875,2.601220693,0.162674294,0.129965904,0.0,0.636363636,2.634965637,0.007218838,0.463362366,0.001620746,0.017828201,2.009796803,0.492706645,0.03846942,0.367451743,0.009724473,0.082658023,0.0,0.028112186,0.554986605,0.006482982,0.098865478,3.405835993,0.223981059,0.381051717,0.064313725,0.6,3.440204394,0.03,1.0,brummayer_080_s424309012710560667
67.0,178.0,60.0,156.0,0.116666667,0.141025641,0.0,0.384615385,0.541137566,0.723364076,0.0,1.0,1.315901377,0.049252137,0.455526289,0.033333333,0.15,1.11805384,0.0,0.391025641,0.897435897,0.0,0.049707602,0.327030701,0.019230769,0.108974359,2.19957712,0.163089233,0.143040116,0.0,0.6,2.104508807,0.021367521,0.406525716,0.006410256,0.044871795,1.682482077,0.5,0.082208727,0.448082722,0.012820513,0.173076923,0.0,0.065992768,0.533081255,0.019230769,0.230769231,2.726025823,0.335241073,0.300011886,0.118226601,0.571428571,3.413939862,0.0,1.0,brummayer_048_s424309012710560635
152.0,542.0,151.0,539.0,0.006622517,0.005565863,0.0,0.280148423,0.485285803,0.742350725,0.0,1.0,1.377227017,0.021292804,0.513116635,0.013245033,0.066225166,1.163698342,0.0,0.280148423,0.873840445,0.0,0.021292804,0.342391795,0.009276438,0.050092764,2.532184459,0.136627399,0.104181528,0.0,0.5,2.621352461,0.008797258,0.449156452,0.001855288,0.024118738,2.002911336,0.500927644,0.044207448,0.438535771,0.00742115,0.105751391,0.0,0.033264377,0.566219284,0.00742115,0.118738404,3.407991234,0.236040069,0.34845689,0.063934426,0.454545455,3.466151693,0.03,1.0,brummayer_058_s424309012710560645
64.0,177.0,63.0,173.0,0.015873016,0.023121387,0.0,0.36416185,0.463047069,0.80449612,0.0,1.0,1.36007415,0.049729333,0.498482877,0.031746032,0.158730159,1.19629135,0.0,0.323699422,0.87283237,0.0,0.049729333,0.333647497,0.011560694,0.098265896,2.335168945,0.1714059,0.132956222,0.0,0.6,2.325829039,0.02027709,0.439496744,0.005780347,0.040462428,1.796390624,0.502890173,0.09432058,0.458325046,0.011560694,0.190751445,0.0,0.071368906,0.559887514,0.01734104,0.242774566,2.976307227,0.328563874,0.309159416,0.137634409,0.666666667,3.371562136,0.0,1.0,brummayer_002_s424309012710560589
194.0,683.0,193.0,676.0,0.005181347,0.01035503,0.0,0.285502959,0.481492439,0.801239856,0.0,1.0,1.428740776,0.015965601,0.511080268,0.010362694,0.051813472,1.204641035,0.0,0.371301775,0.877218935,0.0,0.015965601,0.379262505,0.00591716,0.042899408,2.624023629,0.153692047,0.135614104,0.0,0.5,2.605159539,0.006545666,0.505906299,0.00295858,0.022189349,1.920199907,0.50739645,0.032866297,0.45205798,0.00591716,0.078402367,0.0,0.02464462,0.578691879,0.00443787,0.096153846,3.396070104,0.21994427,0.394398147,0.062056738,0.5,3.437394551,0.03,1.0,brummayer_009_s424309012710560596
79.0,232.0,78.0,229.0,0.012820513,0.013100437,0.0,0.340611354,0.480228045,0.785025604,0.0,1.0,1.325342101,0.039805173,0.498005501,0.025641026,0.128205128,1.134529521,0.0,0.318777293,0.890829694,0.0,0.039805173,0.2923597,0.013100437,0.07860262,2.166872512,0.163644831,0.14404155,0.0,0.636363636,2.417894794,0.016963386,0.430323046,0.004366812,0.03930131,1.831879879,0.510917031,0.073899899,0.402420363,0.017467249,0.152838428,0.0,0.054651895,0.540254298,0.013100437,0.179039301,2.927268349,0.315853684,0.333947482,0.1,0.571428571,3.583083042,0.0,1.0,brummayer_020_s424309012710560607
176.0,609.0,175.0,604.0,0.005714286,0.008278146,0.0,0.289735099,0.506873489,0.755535998,0.0,1.0,1.323237587,0.017086093,0.474912654,0.011428571,0.057142857,1.1004365,0.0,0.355960265,0.905629139,0.0,0.017086093,0.337746673,0.006622517,0.044701987,2.438135887,0.131668969,0.109869676,0.0,0.5,2.471890835,0.007369915,0.469180295,0.001655629,0.01986755,1.964442882,0.514900662,0.030860927,0.431598058,0.004966887,0.062913907,0.0,0.024730275,0.547552452,0.004966887,0.092715232,3.151633564,0.239542917,0.368638278,0.055194805,0.527777778,3.482976149,0.02,1.0,brummayer_077_s424309012710560664
67.0,188.0,66.0,182.0,0.015151515,0.032967033,0.0,0.362637363,0.511948369,0.75504559,0.0,1.0,1.38181136,0.045371295,0.505480444,0.03030303,0.151515152,1.100154074,0.0,0.384615385,0.906593407,0.0,0.045371295,0.410570703,0.010989011,0.142857143,2.298121189,0.162505463,0.150034651,0.0,0.6,2.297819316,0.01989677,0.532631217,0.005494505,0.065934066,1.838556548,0.516483516,0.081418581,0.530973237,0.010989011,0.175824176,0.0,0.065330274,0.61246693,0.010989011,0.252747253,2.981352882,0.322194752,0.323234839,0.133333333,0.666666667,3.481117555,0.0,1.0,brummayer_091_s424309012710560678
209.0,752.0,208.0,747.0,0.004807692,0.00669344,0.0,0.278447122,0.48784025,0.767538639,0.0,1.0,1.41409494,0.015221141,0.517783113,0.009615385,0.048076923,1.218033788,0.0,0.329317269,0.868808568,0.0,0.015221141,0.344452681,0.005354752,0.037483266,2.592296707,0.166359735,0.122042078,0.0,0.6,2.763282706,0.006474616,0.509377147,0.001338688,0.022757697,2.08962099,0.516733601,0.032566162,0.432088672,0.005354752,0.087014726,0.0,0.023476324,0.589350165,0.004016064,0.104417671,3.41829127,0.222426092,0.395268893,0.053872054,0.5,3.471869048,0.04,1.0,brummayer_011_s424309012710560598
120.0,375.0,117.0,365.0,0.025641026,0.02739726,0.0,0.320547945,0.496414438,0.760073099,0.0,1.0,1.282543978,0.025406861,0.481490744,0.017094017,0.085470085,1.032897959,0.0,0.361643836,0.923287671,0.0,0.025484176,0.344109068,0.005479452,0.057534247,2.424352099,0.134302303,0.111671654,0.0,0.5,2.262983027,0.011289561,0.467403534,0.002739726,0.02739726,1.917520431,0.523287671,0.044709495,0.467555458,0.005479452,0.134246575,0.0,0.035819103,0.552418349,0.008219178,0.134246575,3.036781631,0.276793701,0.34584489,0.066938776,0.533333333,3.546724705,0.01,1.0,brummayer_050_s424309012710560637
258.0,921.0,257.0,916.0,0.003891051,0.005458515,0.0,0.280567686,0.459420704,0.803503764,0.0,1.0,1.337306287,0.012051212,0.51188726,0.007782101,0.038910506,1.109667101,0.0,0.326419214,0.899563319,0.0,0.012051212,0.38081337,0.005458515,0.033842795,2.582045519,0.12593919,0.107839226,0.0,0.636363636,2.566608471,0.00525037,0.491443422,0.002183406,0.019650655,2.028899934,0.524017467,0.024297827,0.477021182,0.004366812,0.063318777,0.0,0.018749642,0.584606393,0.004366812,0.072052402,3.410908527,0.226559568,0.38309435,0.059701493,0.527777778,3.487034713,0.05,1.0,brummayer_062_s424309012710560649
102.0,309.0,99.0,297.0,0.03030303,0.04040404,0.0,0.333333333,0.494946823,0.773635573,0.0,1.0,1.355951233,0.030030949,0.471567434,0.02020202,0.101010101,1.075774288,0.0,0.36026936,0.912457912,0.0,0.030028173,0.326582385,0.01010101,0.053872054,2.395778241,0.135724027,0.122442336,0.0,0.428571429,2.153627716,0.014017728,0.446993244,0.003367003,0.03030303,1.930193939,0.525252525,0.050779908,0.502804242,0.01010101,0.127946128,0.0,0.041401671,0.546177524,0.01010101,0.148148148,2.945422764,0.296868757,0.339425088,0.094949495,0.666666667,3.560742993,0.0,1.0,brummayer_092_s424309012710560679
180.0,609.0,179.0,605.0,0.005586592,0.00661157,0.0,0.295867769,0.485243343,0.77441957,0.0,1.0,1.293122933,0.01667667,0.449414606,0.011173184,0.055865922,1.040085105,0.0,0.333884298,0.917355372,0.0,0.01667667,0.439806688,0.00661157,0.052892562,2.566505694,0.125454514,0.115007709,0.0,0.555555556,2.412116173,0.007507272,0.554275807,0.001652893,0.026446281,2.078502654,0.525619835,0.02770211,0.490985404,0.004958678,0.07107438,0.0,0.025730483,0.553357862,0.00661157,0.094214876,3.328301728,0.246620962,0.392015316,0.068360557,0.555555556,3.545629474,0.02,1.0,brummayer_049_s424309012710560636
114.0,366.0,113.0,363.0,0.008849558,0.008264463,0.0,0.311294766,0.469447724,0.81605169,0.0,1.0,1.355854301,0.027109388,0.497624851,0.017699115,0.088495575,1.149090346,0.0,0.355371901,0.889807163,0.0,0.027109388,0.317791047,0.008264463,0.055096419,2.368311473,0.149592721,0.122282044,0.0,0.5,2.341289673,0.011848168,0.428487753,0.002754821,0.03030303,1.904731907,0.526170799,0.05158585,0.414340792,0.011019284,0.104683196,0.0,0.039098726,0.556713022,0.008264463,0.143250689,3.090742167,0.261278013,0.341057658,0.088163265,0.583333333,3.468553143,0.01,1.0,brummayer_019_s424309012710560606
311.0,1152.0,310.0,1146.0,0.003225806,0.005235602,0.0,0.270506108,0.477813097,0.794221574,0.0,1.0,1.403790394,0.00992794,0.514740031,0.006451613,0.032258065,1.163304632,0.0,0.356020942,0.888307155,0.0,0.00992794,0.383405878,0.004363002,0.02617801,2.622726763,0.141121392,0.12134513,0.0,0.538461538,2.673428017,0.004343298,0.486645151,0.001745201,0.015706806,2.068244606,0.529668412,0.020773518,0.469370513,0.003490401,0.052356021,0.0,0.015475331,0.582460931,0.003490401,0.057591623,3.461869464,0.207615093,0.420082389,0.050179211,0.5,3.455167744,0.07,1.0,brummayer_055_s424309012710560642
91.0,268.0,86.0,251.0,0.058139535,0.067729084,0.0,0.342629482,0.51626826,0.754629008,0.0,1.0,1.352213149,0.034096173,0.442117143,0.023255814,0.11627907,1.097312209,0.0,0.390438247,0.90438247,0.0,0.034560553,0.343794189,0.015936255,0.079681275,2.353469301,0.147337925,0.143035706,0.0,0.666666667,2.23926853,0.015360246,0.41086323,0.003984064,0.03187251,1.81010046,0.529880478,0.056208899,0.471834221,0.015936255,0.123505976,0.0,0.047078618,0.54130475,0.007968127,0.15936255,2.932791543,0.305109956,0.334935045,0.106854839,0.666666667,3.505870547,0.0,1.0,brummayer_073_s424309012710560660
76.0,207.0,73.0,196.0,0.04109589,0.056122449,0.0,0.37244898,0.513516359,0.73329999,0.0,1.0,1.249237537,0.040606654,0.447408304,0.02739726,0.123287671,1.054893925,0.0,0.352040816,0.913265306,0.0,0.04053288,0.336246581,0.010204082,0.086734694,2.254926665,0.131656447,0.119167626,0.0,0.6,2.159835198,0.018920068,0.448172375,0.005102041,0.051020408,1.812385595,0.530612245,0.064342404,0.542422963,0.010204082,0.153061224,0.0,0.054820908,0.54100973,0.010204082,0.18877551,2.775698238,0.331165646,0.316532913,0.096825397,0.666666667,3.522628381,0.0,1.0,brummayer_074_s424309012710560661
196.0,699.0,195.0,694.0,0.005128205,0.007204611,0.0,0.280979827,0.457059375,0.810310163,0.0,1.0,1.486703445,0.015990542,0.511340367,0.01025641,0.051282051,1.20219865,0.0,0.350144092,0.876080692,0.0,0.015990542,0.372440637,0.007204611,0.040345821,2.617072775,0.146290234,0.128029985,0.0,0.6,2.578567909,0.006945984,0.463321994,0.001440922,0.023054755,2.005139367,0.531700288,0.033636296,0.398708344,0.005763689,0.070605187,0.0,0.024898471,0.574138684,0.004322767,0.097982709,3.439281693,0.221321843,0.39402831,0.064364876,0.6,3.423356854,0.03,1.0,brummayer_004_s424309012710560591
121.0,391.0,120.0,385.0,0.008333333,0.015584416,0.0,0.311688312,0.480775098,0.784271748,0.0,1.0,1.299186293,0.02465368,0.450980867,0.016666667,0.083333333,1.073484281,0.0,0.353246753,0.911688312,0.0,0.02465368,0.363946162,0.01038961,0.062337662,2.346472901,0.155418264,0.133644279,0.0,0.555555556,2.506004936,0.011082251,0.388352766,0.002597403,0.025974026,1.841444489,0.532467532,0.04012987,0.514814075,0.01038961,0.098701299,0.0,0.034798448,0.562130996,0.007792208,0.12987013,3.136028587,0.285371672,0.378446109,0.090612245,0.7,3.583578897,0.0,1.0,brummayer_086_s424309012710560673
77.0,215.0,76.0,212.0,0.013157895,0.014150943,0.0,0.358490566,0.497753819,0.7854427,0.0,1.0,1.326157443,0.038480636,0.49193284,0.026315789,0.118421053,1.045278626,0.0,0.419811321,0.919811321,0.0,0.038480636,0.365613535,0.014150943,0.094339623,2.293191257,0.173855445,0.144158533,0.0,0.666666667,2.289365647,0.017440417,0.504121135,0.004716981,0.061320755,1.775096639,0.533018868,0.067899702,0.465892302,0.014150943,0.155660377,0.0,0.052776789,0.550624436,0.009433962,0.16509434,2.958707513,0.31127986,0.359107606,0.106854839,0.666666667,3.492006227,0.0,1.0,brummayer_097_s424309012710560684
108.0,347.0,107.0,342.0,0.009345794,0.014619883,0.0,0.312865497,0.447869674,0.83560121,0.0,1.0,1.40366681,0.028447286,0.491783176,0.018691589,0.093457944,1.187633699,0.0,0.365497076,0.880116959,0.0,0.028447286,0.316595086,0.014619883,0.058479532,2.372450285,0.145890964,0.130620965,0.0,0.5,2.435250435,0.01262502,0.474534705,0.002923977,0.032163743,1.981915572,0.535087719,0.053560693,0.449717622,0.011695906,0.111111111,0.0,0.040439793,0.559141263,0.00877193,0.152046784,3.105324165,0.265289943,0.34133547,0.077777778,0.571428571,3.426947634,0.01,1.0,brummayer_084_s424309012710560671
358.0,1312.0,357.0,1306.0,0.00280112,0.004594181,0.01,0.273353752,0.471133231,0.811726225,0.0,1.0,1.397677183,0.008559932,0.516447911,0.005602241,0.028011204,1.174442844,0.0,0.376722818,0.887442573,0.0,0.008559932,0.385792376,0.003828484,0.022970904,2.675185812,0.142940243,0.112490561,0.0,0.555555556,2.671753586,0.003749126,0.518070425,0.001531394,0.012251149,2.059952662,0.535222052,0.018106477,0.455931797,0.003062787,0.045941807,0.0,0.013351032,0.573707206,0.00229709,0.051301685,3.457573883,0.201146145,0.426543991,0.048587571,0.5,3.438998438,0.13,1.0,brummayer_099_s424309012710560686
111.0,351.0,108.0,338.0,0.027777778,0.038461538,0.0,0.319526627,0.490666385,0.763376514,0.0,1.0,1.375513822,0.027914749,0.473555042,0.018518519,0.092592593,1.117285581,0.0,0.349112426,0.899408284,0.0,0.027926782,0.325542386,0.00887574,0.071005917,2.294842673,0.155140351,0.121914836,0.0,0.5,2.421240866,0.012967981,0.495780313,0.00295858,0.041420118,1.910486883,0.535502959,0.049825803,0.464303865,0.01183432,0.121301775,0.0,0.039336858,0.557368617,0.00887574,0.153846154,3.075305905,0.277136923,0.345230819,0.087808418,0.535714286,3.509856132,0.0,1.0,brummayer_061_s424309012710560648
146.0,478.0,145.0,472.0,0.006896552,0.012711864,0.0,0.30720339,0.463123823,0.82023394,0.0,1.0,1.35264303,0.020660432,0.478526022,0.013793103,0.068965517,1.094734687,0.0,0.368644068,0.906779661,0.0,0.020660432,0.365201696,0.008474576,0.052966102,2.458066396,0.14167197,0.124429839,0.0,0.555555556,2.351492304,0.009511981,0.436246511,0.002118644,0.025423729,1.94129241,0.536016949,0.038018703,0.461195875,0.008474576,0.080508475,0.0,0.030181701,0.564532377,0.008474576,0.110169492,3.192501369,0.25237289,0.375922874,0.06561086,0.535714286,3.473408418,0.01,1.0,brummayer_029_s424309012710560616
91.0,285.0,90.0,279.0,0.011111111,0.021505376,0.0,0.322580645,0.503766285,0.754658619,0.0,1.0,1.417661287,0.033412983,0.44782594,0.022222222,0.111111111,1.154786362,0.0,0.347670251,0.885304659,0.0,0.033412983,0.261699023,0.017921147,0.0609319,2.182206939,0.145486529,0.112154335,0.0,0.454545455,2.292345373,0.015452011,0.431391257,0.003584229,0.043010753,1.845219775,0.537634409,0.057984867,0.369913782,0.014336918,0.111111111,0.0,0.045734253,0.510686827,0.010752688,0.146953405,2.954220498,0.283854346,0.341185364,0.094594595,0.611111111,3.511412492,0.01,1.0,brummayer_093_s424309012710560680
107.0,360.0,106.0,355.0,0.009433962,0.014084507,0.0,0.298591549,0.484122513,0.733357571,0.0,1.0,1.417941174,0.029976083,0.489788718,0.018867925,0.094339623,1.103383935,0.0,0.267605634,0.887323944,0.0,0.029976083,0.335654735,0.008450704,0.067605634,2.412510625,0.140181431,0.129452628,0.0,0.666666667,2.53744767,0.013499867,0.466331894,0.002816901,0.045070423,1.998636516,0.538028169,0.057826202,0.37829145,0.011267606,0.138028169,0.0,0.04541956,0.530605958,0.011267606,0.146478873,3.189936095,0.26444408,0.323508259,0.083454282,0.5,3.464575249,0.01,1.0,brummayer_085_s424309012710560672
1199.0,4699.0,1194.0,4675.0,0.004187605,0.00513369,0.02,0.25540107,0.476242934,0.781561891,0.0,1.0,1.43430099,0.002629905,0.51624564,0.001675042,0.008375209,1.180066417,0.0,0.327486631,0.880213904,0.0,0.002631321,0.444033232,0.001069519,0.008770053,2.809711702,0.146522773,0.12024893,0.0,0.555555556,2.845540635,0.001172789,0.559443621,0.000427807,0.004919786,2.228716181,0.539251337,0.005800545,0.461572234,0.000855615,0.016470588,0.0,0.004438583,0.591599739,0.000641711,0.019679144,3.701567539,0.181668065,0.467790592,0.028751753,0.5,3.434544718,0.35,1.0,brummayer_064_s424309012710560651
101.0,320.0,100.0,315.0,0.01,0.015873016,0.0,0.317460317,0.458518519,0.803187159,0.0,1.0,1.475012836,0.03152381,0.515758727,0.02,0.1,1.201072217,0.0,0.333333333,0.873015873,0.0,0.03152381,0.324843275,0.012698413,0.079365079,2.314735897,0.166071363,0.134470409,0.0,0.555555556,2.550119768,0.014,0.449065477,0.003174603,0.038095238,1.935139771,0.53968254,0.065079365,0.401217659,0.012698413,0.146031746,0.0,0.046661628,0.56330596,0.012698413,0.152380952,3.104087008,0.265317965,0.350680066,0.08989899,0.571428571,3.523623698,0.01,1.0,brummayer_016_s424309012710560603
116.0,391.0,113.0,376.0,0.026548673,0.039893617,0.0,0.300531915,0.486911094,0.76613793,0.0,1.0,1.361010784,0.027584259,0.49988059,0.017699115,0.088495575,1.143229411,0.0,0.316489362,0.888297872,0.0,0.02768807,0.325877945,0.010638298,0.055851064,2.452816398,0.163966323,0.124979975,0.0,0.555555556,2.620274878,0.012514248,0.451401574,0.002659574,0.031914894,1.95200471,0.539893617,0.053381459,0.435394382,0.010638298,0.164893617,0.0,0.040572657,0.544291446,0.007978723,0.143617021,3.152388691,0.26110636,0.345715484,0.085024155,0.523809524,3.50578919,0.02,1.0,brummayer_037_s424309012710560624
241.0,844.0,240.0,839.0,0.004166667,0.005959476,0.0,0.286054827,0.488265509,0.771759912,0.0,1.0,1.292513055,0.012410608,0.451241468,0.008333333,0.041666667,1.068059606,0.0,0.338498212,0.911799762,0.0,0.012410608,0.460841085,0.005959476,0.058402861,2.604254069,0.140212364,0.115662395,0.0,0.5,2.475957199,0.005735995,0.530542397,0.001191895,0.028605483,2.089998293,0.539928486,0.021007151,0.524608608,0.003575685,0.064362336,0.0,0.019561854,0.593287573,0.003575685,0.079856973,3.384135542,0.230775251,0.412735646,0.054901961,0.527777778,3.540467511,0.03,1.0,brummayer_027_s424309012710560614
86.0,254.0,83.0,242.0,0.036144578,0.049586777,0.0,0.342975207,0.471881149,0.782428598,0.0,1.0,1.25845233,0.035696505,0.428835707,0.024096386,0.120481928,1.012089595,0.0,0.318181818,0.921487603,0.0,0.03582947,0.392576424,0.012396694,0.090909091,2.343564893,0.150062244,0.132485408,0.0,0.5,2.194479848,0.017032856,0.488730174,0.004132231,0.045454545,1.886991854,0.541322314,0.053719008,0.486059078,0.008264463,0.115702479,0.0,0.050713749,0.508797771,0.012396694,0.181818182,2.955736611,0.305603271,0.319233219,0.101010101,0.6,3.455247014,0.0,1.0,brummayer_031_s424309012710560618
134.0,449.0,133.0,445.0,0.007518797,0.008988764,0.0,0.298876404,0.4850972,0.797831377,0.0,1.0,1.428937163,0.023181549,0.512700059,0.015037594,0.07518797,1.211947342,0.0,0.373033708,0.874157303,0.0,0.023181549,0.367620161,0.006741573,0.053932584,2.572793513,0.167589038,0.136304373,0.0,0.714285714,2.636970362,0.01050942,0.440754975,0.002247191,0.029213483,1.994626658,0.541573034,0.047478246,0.450160353,0.008988764,0.094382022,0.0,0.035177377,0.56246815,0.004494382,0.119101124,3.287034073,0.232750559,0.376102716,0.074285714,0.666666667,3.391426329,0.01,1.0,brummayer_094_s424309012710560681
104.0,321.0,103.0,315.0,0.009708738,0.019047619,0.0,0.326984127,0.482438901,0.784609845,0.0,1.0,1.263505466,0.029002928,0.465049628,0.019417476,0.097087379,1.086228066,0.0,0.355555556,0.907936508,0.0,0.029002928,0.306591958,0.015873016,0.06031746,2.310033131,0.157499097,0.124020167,0.0,0.6,2.451821957,0.013345662,0.436434617,0.003174603,0.038095238,1.907202036,0.542857143,0.048821082,0.484924105,0.012698413,0.120634921,0.0,0.039506173,0.544364683,0.00952381,0.149206349,3.003462328,0.292540456,0.348657402,0.088193457,0.6,3.573283821,0.0,1.0,brummayer_023_s424309012710560610
337.0,1232.0,336.0,1225.0,0.00297619,0.005714286,0.0,0.274285714,0.481762229,0.800165376,0.0,1.0,1.414023101,0.009035471,0.508237691,0.005952381,0.029761905,1.178019777,0.0,0.384489796,0.886530612,0.0,0.009035471,0.445545822,0.00244898,0.030204082,2.647947115,0.142383932,0.126173063,0.0,0.6,2.601663281,0.004127794,0.55601206,0.001632653,0.017142857,2.098080243,0.542857143,0.018542274,0.476329465,0.003265306,0.057959184,0.0,0.01462324,0.600574834,0.00244898,0.062857143,3.527992296,0.201151186,0.436531149,0.044034818,0.535714286,3.429801266,0.07,1.0,brummayer_070_s424309012710560657
117.0,378.0,103.0,315.0,0.13592233,0.2,0.0,0.326984127,0.494076779,0.813505509,0.0,1.0,1.380663547,0.027646787,0.498473638,0.0,0.097087379,1.228827581,0.019047619,0.444444444,0.898412698,0.0,0.028183422,0.426394253,0.003174603,0.066666667,2.574606414,0.150483897,0.146985764,0.0,1.0,2.41586273,0.012557319,0.499842167,0.0,0.028571429,1.940063272,0.542857143,0.048042328,0.533585478,0.006349206,0.117460317,0.0,0.039082892,0.593439814,0.0,0.155555556,3.127045491,0.276343526,0.399668671,0.0,1.0,3.44872423,0.0,1.0,brummayer_090_s424309012710560677
95.0,295.0,94.0,291.0,0.010638298,0.013745704,0.0,0.323024055,0.481620575,0.78449427,0.0,1.0,1.381802735,0.032536375,0.493904264,0.021276596,0.106382979,1.151146939,0.0,0.357388316,0.890034364,0.0,0.032536375,0.358896878,0.010309278,0.072164948,2.372589559,0.143776466,0.133394259,0.0,0.5,2.147635305,0.014915552,0.424493954,0.003436426,0.034364261,1.920481926,0.542955326,0.061782555,0.446003145,0.013745704,0.140893471,0.0,0.047873785,0.572775392,0.010309278,0.161512027,3.127333435,0.26871942,0.325359385,0.096059113,0.5,3.437665704,0.01,1.0,brummayer_082_s424309012710560669
565.0,2112.0,559.0,2089.0,0.010733453,0.011010053,0.0,0.267592149,0.475518399,0.800923642,0.0,1.0,1.416904263,0.005478908,0.512498974,0.003577818,0.017889088,1.158450404,0.0,0.366203925,0.890856869,0.0,0.005488668,0.443487656,0.00239349,0.01627573,2.753572232,0.154759915,0.133316419,0.0,0.6,2.823817504,0.002490779,0.5449346,0.000957396,0.009573959,2.182862436,0.543322164,0.011531799,0.483142297,0.001914792,0.03015797,0.0,0.008915835,0.600821493,0.001436094,0.037338439,3.594992895,0.19513053,0.445506659,0.036027264,0.5,3.441433258,0.16,1.0,brummayer_003_s424309012710560590
201.0,692.0,200.0,687.0,0.005,0.00727802,0.0,0.291120815,0.466506088,0.816722663,0.0,1.0,1.387077404,0.015218341,0.493613266,0.01,0.05,1.164775632,0.0,0.371179039,0.887918486,0.0,0.015218341,0.359004795,0.00727802,0.036390102,2.508539583,0.15374086,0.125575964,0.0,0.555555556,2.695119805,0.006804949,0.501620241,0.001455604,0.021834061,1.993539213,0.544395924,0.029912664,0.474340245,0.005822416,0.074235808,0.0,0.022683693,0.572753264,0.004366812,0.084425036,3.302155117,0.230269187,0.392750356,0.057823129,0.571428571,3.477499055,0.03,1.0,brummayer_088_s424309012710560675
3043.0,11747.0,3036.0,11713.0,0.002305665,0.002902758,0.06,0.25919918,0.471171023,0.805180695,0.0,1.0,1.425513695,0.001016601,0.52444752,0.000658762,0.003293808,1.170637695,0.0,0.365662085,0.887816956,0.0,0.001016618,0.456304872,0.000426876,0.004098011,2.792102758,0.146766326,0.122357185,0.0,0.636363636,2.803829723,0.00045464,0.595918562,0.00017075,0.002561257,2.203760017,0.54486468,0.002249294,0.46639034,0.000341501,0.007427644,0.01,0.001704181,0.603353308,0.000256126,0.007854521,3.681594692,0.17833729,0.483992625,0.02571295,0.535714286,3.41417487,0.83,1.0,brummayer_067_s424309012710560654
270.0,946.0,238.0,798.0,0.134453782,0.185463659,0.0,0.298245614,0.503095039,0.77470758,0.0,1.0,1.325835674,0.012036394,0.454270483,0.008403361,0.042016807,1.041905864,0.0,0.411027569,0.926065163,0.0,0.0123498,0.399337349,0.005012531,0.030075188,2.547485946,0.132608757,0.124153958,0.0,0.6,2.457205216,0.005937742,0.472208463,0.002506266,0.01754386,2.018917549,0.546365915,0.019288876,0.521835229,0.003759398,0.050125313,0.0,0.017333434,0.54658505,0.003759398,0.071428571,3.184300302,0.251502427,0.397461201,0.055656382,0.6,3.527969298,0.03,1.0,brummayer_013_s424309012710560600
437.0,1622.0,430.0,1593.0,0.01627907,0.018204645,0.0,0.269930948,0.493067388,0.784961069,0.0,1.0,1.423748686,0.007109593,0.525526964,0.004651163,0.023255814,1.155306322,0.0,0.381042059,0.893283114,0.0,0.007129722,0.397298128,0.003138732,0.020715631,2.678925455,0.155983257,0.122748527,0.0,0.636363636,2.729284702,0.00321997,0.500746434,0.001255493,0.010671689,2.115946703,0.547394852,0.015302241,0.44502885,0.002510986,0.033898305,0.0,0.011152843,0.593342926,0.001883239,0.043314501,3.510909088,0.197413565,0.431795397,0.045570917,0.535714286,3.420538004,0.1,1.0,brummayer_026_s424309012710560613
319.0,1200.0,317.0,1191.0,0.006309148,0.007556675,0.0,0.266162888,0.485618994,0.783402504,0.0,1.0,1.428932874,0.010001404,0.534048959,0.006309148,0.031545741,1.222787039,0.0,0.345088161,0.869857263,0.0,0.010022426,0.392508787,0.003358522,0.02938707,2.742167332,0.147556091,0.124796112,0.0,0.6,2.81495017,0.004519657,0.527796093,0.000839631,0.019311503,2.187855575,0.548278757,0.022725823,0.418728459,0.003358522,0.056255248,0.0,0.016314635,0.591609759,0.001679261,0.05961377,3.560537227,0.196455448,0.419867493,0.04929896,0.666666667,3.419828655,0.12,1.0,brummayer_032_s424309012710560619
71.0,200.0,70.0,195.0,0.014285714,0.025641026,0.0,0.358974359,0.428233618,0.826940852,0.0,1.0,1.295893111,0.043882784,0.477193849,0.028571429,0.142857143,0.994925426,0.0,0.292307692,0.912820513,0.0,0.043882784,0.331498112,0.01025641,0.092307692,2.360261778,0.138996559,0.110998896,0.0,0.5,2.089543737,0.020952381,0.43536734,0.005128205,0.051282051,1.917351881,0.548717949,0.073846154,0.515067289,0.01025641,0.184615385,0.0,0.061012492,0.559480434,0.01025641,0.205128205,2.802768278,0.343109133,0.290387972,0.125396825,0.666666667,3.501257218,0.0,1.0,brummayer_022_s424309012710560609
98.0,313.0,97.0,297.0,0.010309278,0.053872054,0.0,0.326599327,0.466078777,0.797228668,0.0,1.0,1.328040604,0.03130966,0.483573667,0.020618557,0.103092784,1.088715289,0.0,0.34006734,0.905723906,0.0,0.03161439,0.313773196,0.013468013,0.060606061,2.415069435,0.165928622,0.129651277,0.0,0.6,2.507620882,0.014673046,0.497103562,0.003367003,0.04040404,2.071799259,0.548821549,0.056353004,0.44646115,0.013468013,0.131313131,0.0,0.043737034,0.52976761,0.013468013,0.188552189,3.013643841,0.300835749,0.334531946,0.099821747,0.619047619,3.551408099,0.0,1.0,brummayer_098_s424309012710560685
62.0,154.0,61.0,151.0,0.016393443,0.01986755,0.0,0.40397351,0.475428361,0.801711668,0.0,1.0,1.308071142,0.047877538,0.457049715,0.032786885,0.147540984,1.050760386,0.0,0.390728477,0.913907285,0.0,0.047877538,0.313220801,0.013245033,0.079470199,2.170687826,0.174826722,0.139883056,0.0,0.6,2.093600871,0.022255998,0.417465227,0.006622517,0.046357616,1.707812412,0.549668874,0.079035935,0.437335544,0.013245033,0.139072848,0.0,0.061400816,0.549395772,0.013245033,0.218543046,2.674479432,0.367325834,0.341205817,0.114081996,1.0,3.379802549,0.0,1.0,brummayer_030_s424309012710560617
292.0,1082.0,282.0,1042.0,0.035460993,0.038387716,0.0,0.270633397,0.499827103,0.764709329,0.0,1.0,1.429280225,0.010920761,0.512170075,0.007092199,0.035460993,1.166061705,0.0,0.356046065,0.887715931,0.0,0.010973423,0.387001458,0.002879079,0.032629559,2.668342948,0.13307958,0.117920738,0.0,0.555555556,2.614556988,0.005096179,0.46611165,0.000959693,0.016314779,2.122709181,0.549904031,0.022696387,0.471022947,0.002879079,0.055662188,0.0,0.017125268,0.582470501,0.002879079,0.060460653,3.435180343,0.207976408,0.425823715,0.051948052,0.5,3.478190403,0.06,1.0,brummayer_044_s424309012710560631
158.0,540.0,157.0,534.0,0.006369427,0.011235955,0.0,0.294007491,0.478911777,0.777317166,0.0,1.0,1.324711425,0.019179847,0.44385736,0.012738854,0.063694268,1.086590793,0.0,0.322097378,0.902621723,0.0,0.019179847,0.41590578,0.005617978,0.052434457,2.491765046,0.13727601,0.113515528,0.0,0.428571429,2.413094187,0.009065102,0.526292763,0.003745318,0.033707865,2.065393136,0.550561798,0.032276533,0.491530933,0.007490637,0.084269663,0.0,0.029345341,0.538391071,0.007490637,0.099250936,3.314450694,0.246917673,0.389682045,0.071836735,0.5,3.522307747,0.01,1.0,brummayer_021_s424309012710560608
225.0,804.0,224.0,799.0,0.004464286,0.006257822,0.0,0.280350438,0.472564912,0.808147591,0.0,1.0,1.455909651,0.013940417,0.536436974,0.008928571,0.044642857,1.211098674,0.0,0.370463079,0.876095119,0.0,0.013940417,0.343796906,0.006257822,0.032540676,2.57559417,0.136140939,0.120038722,0.0,0.5,2.568315675,0.006330458,0.420278365,0.002503129,0.015018773,1.998113781,0.551939925,0.030886823,0.454192614,0.005006258,0.083854819,0.0,0.021450468,0.599699642,0.003754693,0.080100125,3.372377652,0.214774828,0.406980991,0.055152395,0.6,3.474937935,0.04,1.0,brummayer_083_s424309012710560670
154.0,505.0,153.0,499.0,0.006535948,0.012024048,0.0,0.306613226,0.524157839,0.746598909,0.0,1.0,1.300358426,0.019018429,0.455064817,0.013071895,0.065359477,1.078672046,0.0,0.390781563,0.913827655,0.0,0.019018429,0.430536078,0.004008016,0.064128257,2.417008928,0.15286484,0.136711786,0.0,0.6,2.409429314,0.009050781,0.561579657,0.002004008,0.036072144,1.976761142,0.553106212,0.03198554,0.526730557,0.004008016,0.100200401,0.0,0.02820069,0.587886817,0.006012024,0.120240481,3.22901558,0.250844178,0.375794296,0.067530065,0.571428571,3.469999659,0.02,1.0,brummayer_052_s424309012710560639
109.0,341.0,106.0,329.0,0.028301887,0.036474164,0.0,0.32218845,0.481017513,0.825539349,0.0,1.0,1.334124516,0.028273212,0.503455468,0.018867925,0.094339623,1.150116816,0.0,0.401215805,0.893617021,0.0,0.028397742,0.299048588,0.012158055,0.060790274,2.325295019,0.154173023,0.138028932,0.0,0.6,2.383673376,0.013142278,0.411864825,0.006079027,0.036474164,1.848530868,0.553191489,0.054769142,0.431033714,0.006079027,0.106382979,0.0,0.039301189,0.566904052,0.009118541,0.127659574,2.989314861,0.26721112,0.362096063,0.08172043,0.666666667,3.541213905,0.0,1.0,brummayer_024_s424309012710560611
225.0,805.0,197.0,658.0,0.14213198,0.223404255,0.0,0.299392097,0.494869011,0.789037422,0.0,1.0,1.403668167,0.014966133,0.485146577,0.010152284,0.050761421,1.13359858,0.0,0.41337386,0.899696049,0.0,0.015315772,0.427239392,0.003039514,0.039513678,2.560089456,0.141870193,0.122101666,0.0,0.714285714,2.436583052,0.007353934,0.460645102,0.001519757,0.019756839,2.046745502,0.553191489,0.027617359,0.468297931,0.003039514,0.074468085,0.0,0.0228795,0.561794697,0.004559271,0.080547112,3.319234338,0.234149677,0.395949464,0.056326531,0.666666667,3.438533629,0.03,1.0,brummayer_056_s424309012710560643
304.0,1098.0,301.0,1083.0,0.009966777,0.013850416,0.0,0.277931671,0.479030178,0.80565659,0.0,1.0,1.42250922,0.010178445,0.531958653,0.006644518,0.033222591,1.153540552,0.0,0.379501385,0.89289012,0.0,0.010181594,0.457292834,0.004616805,0.033240997,2.671694389,0.150400994,0.126045171,0.0,0.555555556,2.624253657,0.004656817,0.58980423,0.001846722,0.01754386,2.118982454,0.55401662,0.021665128,0.498453611,0.003693444,0.058171745,0.0,0.01672622,0.609008659,0.002770083,0.068328717,3.556362517,0.204883389,0.431187619,0.048587571,0.535714286,3.40512093,0.06,1.0,brummayer_046_s424309012710560633
223.0,749.0,216.0,728.0,0.032407407,0.028846154,0.0,0.296703297,0.506972789,0.753185919,0.0,1.0,1.330210912,0.01357092,0.460159153,0.009259259,0.046296296,1.041613041,0.0,0.366758242,0.921703297,0.0,0.013612572,0.388730644,0.006868132,0.032967033,2.533832043,0.139655093,0.116378945,0.0,0.6,2.469744621,0.006562158,0.478059329,0.001373626,0.019230769,2.034159043,0.554945055,0.02263554,0.474065172,0.004120879,0.057692308,0.0,0.01972135,0.534937555,0.004120879,0.068681319,3.21652384,0.245008877,0.387733348,0.06547619,0.6,3.499385852,0.02,1.0,brummayer_079_s424309012710560666
328.0,1190.0,325.0,1178.0,0.009230769,0.010186757,0.0,0.275891341,0.472661492,0.803686421,0.0,1.0,1.436572601,0.009570328,0.53596144,0.006153846,0.030769231,1.179835649,0.0,0.370118846,0.884550085,0.0,0.009589386,0.40619365,0.004244482,0.033106961,2.628981924,0.148957402,0.132360928,0.0,0.6,2.716477651,0.004383345,0.518041098,0.001697793,0.016129032,2.065248844,0.555178268,0.021282672,0.439019132,0.002546689,0.061120543,0.0,0.015366611,0.598041417,0.002546689,0.065365025,3.519113505,0.201788241,0.427882321,0.046585256,0.666666667,3.449135818,0.06,1.0,brummayer_010_s424309012710560597
185.0,620.0,184.0,615.0,0.005434783,0.008130081,0.0,0.299186992,0.484092141,0.786487373,0.0,1.0,1.331548794,0.016003888,0.45253727,0.010869565,0.054347826,1.040035964,0.0,0.356097561,0.920325203,0.0,0.016003888,0.362358313,0.008130081,0.035772358,2.427487017,0.138286465,0.124363236,0.0,0.555555556,2.511492379,0.007732414,0.47123286,0.001626016,0.022764228,2.028241592,0.556097561,0.026670201,0.495837343,0.006504065,0.066666667,0.0,0.022885848,0.546095133,0.004878049,0.099186992,3.182446358,0.254157881,0.384604402,0.05764146,0.571428571,3.546516003,0.02,1.0,brummayer_043_s424309012710560630
632.0,2383.0,629.0,2369.0,0.004769475,0.005909667,0.01,0.265512875,0.475687283,0.797877639,0.0,1.0,1.410977987,0.004916445,0.523585735,0.00317965,0.015898251,1.170420634,0.0,0.356690587,0.886449979,0.0,0.004916208,0.440988671,0.002110595,0.016462642,2.740507061,0.148036437,0.12272216,0.0,0.6,2.731776675,0.002277292,0.524802353,0.000844238,0.008442381,2.181799709,0.556775011,0.01065985,0.459111658,0.001688476,0.031236809,0.0,0.008105256,0.592395189,0.001266357,0.03081469,3.609599143,0.190050698,0.447128563,0.034205231,0.6,3.434159463,0.15,1.0,brummayer_059_s424309012710560646
126.0,417.0,125.0,413.0,0.008,0.00968523,0.0,0.302663438,0.443018563,0.858100424,0.0,1.0,1.445980868,0.0248523,0.544415826,0.016,0.08,1.211750894,0.0,0.389830508,0.876513317,0.0,0.0248523,0.409131123,0.00968523,0.079903148,2.573360184,0.160000567,0.145322687,0.0,0.6,2.555866575,0.011002421,0.461207124,0.002421308,0.033898305,1.927894533,0.556900726,0.053656174,0.47330296,0.00968523,0.118644068,0.0,0.038963704,0.615564465,0.00968523,0.152542373,3.385457926,0.238112264,0.388829124,0.071977638,0.5,3.462094032,0.01,1.0,brummayer_018_s424309012710560605
83.0,241.0,82.0,235.0,0.012195122,0.025531915,0.0,0.34893617,0.490979399,0.761594286,0.0,1.0,1.366690431,0.03663726,0.465193416,0.024390244,0.12195122,1.093567796,0.0,0.336170213,0.90212766,0.0,0.03663726,0.325877556,0.012765957,0.085106383,2.254329234,0.133865863,0.120160103,0.0,0.5,2.144351114,0.017955371,0.418786027,0.004255319,0.042553191,1.897424123,0.557446809,0.062065387,0.512281902,0.012765957,0.153191489,0.0,0.050774106,0.595709494,0.012765957,0.212765957,2.863233976,0.31756463,0.321925008,0.094466937,0.535714286,3.532146422,0.0,1.0,brummayer_041_s424309012710560628
493.0,1867.0,486.0,1833.0,0.014403292,0.018548827,0.0,0.265139116,0.473870141,0.805696127,0.0,1.0,1.445503933,0.006307544,0.510225285,0.004115226,0.020576132,1.187203224,0.0,0.37370431,0.8832515,0.0,0.006320938,0.439151858,0.002727769,0.018548827,2.702132902,0.146909191,0.125753474,0.0,0.6,2.782992332,0.002914913,0.546852241,0.001091107,0.010365521,2.160213111,0.558101473,0.013363231,0.461357458,0.002182215,0.0365521,0.0,0.01028903,0.586599859,0.001636661,0.038188762,3.592679833,0.191110492,0.441374945,0.039034205,0.535714286,3.409464167,0.12,1.0,brummayer_069_s424309012710560656
339.0,1181.0,338.0,1176.0,0.00295858,0.004251701,0.0,0.287414966,0.502085358,0.771481846,0.0,1.0,1.389072815,0.008800266,0.493230657,0.00591716,0.029585799,1.085805757,0.0,0.383503401,0.912414966,0.0,0.008800266,0.410719726,0.004251701,0.024659864,2.541477346,0.137374003,0.114761398,0.0,0.555555556,2.493652043,0.004211448,0.519236519,0.00170068,0.017857143,2.086915329,0.558673469,0.016498611,0.52579694,0.003401361,0.048469388,0.0,0.01340298,0.585964493,0.00255102,0.052721088,3.380622007,0.227223871,0.435906869,0.045901639,0.535714286,3.556203025,0.06,1.0,brummayer_017_s424309012710560604
259.0,868.0,252.0,841.0,0.027777778,0.032104637,0.0,0.299643282,0.499745201,0.773235442,0.0,1.0,1.252985681,0.01122058,0.416423685,0.007936508,0.03968254,0.971909621,0.0,0.390011891,0.941736029,0.0,0.01125071,0.444772723,0.004756243,0.030915577,2.549864461,0.136636985,0.115524405,0.0,0.5,2.319512356,0.005505972,0.491548724,0.001189061,0.016646849,1.994606009,0.558858502,0.016207517,0.584408454,0.002378121,0.043995244,0.0,0.016364076,0.560734463,0.003567182,0.065398335,3.232240996,0.254909925,0.405264855,0.055510204,0.571428571,3.484478083,0.03,1.0,brummayer_039_s424309012710560626
85.0,255.0,83.0,245.0,0.024096386,0.040816327,0.0,0.33877551,0.486663427,0.757155442,0.0,1.0,1.353832907,0.037669044,0.499309287,0.024096386,0.108433735,1.094165908,0.0,0.318367347,0.893877551,0.0,0.037730214,0.32346391,0.012244898,0.089795918,2.263611159,0.144917176,0.120993156,0.0,0.428571429,2.176014711,0.017770035,0.406432828,0.004081633,0.044897959,1.892192992,0.559183673,0.070831259,0.40849791,0.012244898,0.155102041,0.0,0.054210746,0.561614601,0.012244898,0.175510204,3.0553311,0.304381862,0.318347725,0.098790323,0.6,3.528777799,0.0,1.0,brummayer_036_s424309012710560623
108.0,331.0,103.0,311.0,0.048543689,0.064308682,0.0,0.331189711,0.479416118,0.791840783,0.0,1.0,1.321093464,0.02803359,0.431623307,0.019417476,0.097087379,1.004970638,0.0,0.376205788,0.92926045,0.0,0.028111171,0.374952515,0.012861736,0.067524116,2.337399483,0.131679036,0.110484126,0.0,0.5,2.216279336,0.013530292,0.500861541,0.003215434,0.038585209,1.916777828,0.559485531,0.042278183,0.466304801,0.012861736,0.102893891,0.0,0.038709277,0.526612686,0.012861736,0.1414791,2.964475937,0.29239175,0.321212615,0.083670715,0.5,3.442174894,0.0,1.0,brummayer_096_s424309012710560683
84.0,243.0,82.0,234.0,0.024390244,0.038461538,0.0,0.35042735,0.534198209,0.732497325,0.0,1.0,1.355400109,0.034552846,0.416903934,0.024390244,0.12195122,1.031608665,0.0,0.414529915,0.923076923,0.0,0.034715627,0.325625414,0.012820513,0.072649573,2.214124772,0.114645481,0.11559177,0.0,0.428571429,1.921610852,0.01767437,0.439404607,0.004273504,0.042735043,1.919014225,0.55982906,0.050385143,0.426634434,0.012820513,0.106837607,0.0,0.045182263,0.496550408,0.012820513,0.153846154,2.810483665,0.313765112,0.310373684,0.09009009,0.666666667,3.42567784,0.0,1.0,brummayer_047_s424309012710560634
106.0,333.0,103.0,321.0,0.029126214,0.037383178,0.0,0.320872274,0.49397221,0.777432582,0.0,1.0,1.398346602,0.029247195,0.479564789,0.019417476,0.097087379,1.149668416,0.0,0.380062305,0.890965732,0.0,0.029320139,0.365754073,0.009345794,0.068535826,2.489054341,0.156599364,0.12265625,0.0,0.5,2.481122096,0.013804899,0.446332766,0.003115265,0.037383178,1.971955044,0.560747664,0.054211716,0.465961815,0.009345794,0.115264798,0.0,0.042682039,0.575128636,0.009345794,0.177570093,3.160045628,0.26362077,0.379108815,0.068710359,0.571428571,3.532100401,0.01,1.0,brummayer_005_s424309012710560592
136.0,423.0,135.0,420.0,0.007407407,0.007142857,0.0,0.321428571,0.518380574,0.745446494,0.0,1.0,1.349516558,0.021728395,0.476382906,0.014814815,0.074074074,1.071866739,0.0,0.385714286,0.916666667,0.0,0.021728395,0.386423315,0.00952381,0.054761905,2.391837609,0.139539825,0.118555807,0.0,0.5,2.242381794,0.010670194,0.451091309,0.004761905,0.030952381,1.936019856,0.561904762,0.037883598,0.515065924,0.007142857,0.097619048,0.0,0.031315193,0.585262481,0.00952381,0.126190476,3.133961978,0.274729033,0.346830677,0.07751938,0.571428571,3.429514535,0.0,1.0,brummayer_054_s424309012710560641
116.0,374.0,113.0,363.0,0.026548673,0.03030303,0.0,0.311294766,0.464716428,0.827061792,0.0,1.0,1.436919559,0.026768083,0.489185504,0.017699115,0.088495575,1.211381754,0.0,0.391184573,0.870523416,0.0,0.026884101,0.31232592,0.013774105,0.068870523,2.296192103,0.166382808,0.129268022,0.0,0.555555556,2.499487742,0.012544274,0.389145299,0.005509642,0.033057851,1.821433912,0.561983471,0.05145612,0.435950656,0.011019284,0.132231405,0.0,0.038081795,0.564807904,0.005509642,0.154269972,3.121106577,0.256803456,0.359209092,0.074396135,0.666666667,3.435774449,0.01,1.0,brummayer_081_s424309012710560668
95.0,280.0,94.0,277.0,0.010638298,0.010830325,0.0,0.339350181,0.45928027,0.82210286,0.0,1.0,1.303264471,0.031722867,0.472933486,0.021276596,0.106382979,1.0899802,0.0,0.364620939,0.906137184,0.0,0.031722867,0.371132024,0.010830325,0.079422383,2.365249227,0.159990295,0.141762755,0.0,0.555555556,2.310981502,0.015016514,0.410906,0.003610108,0.036101083,1.776746812,0.563176895,0.055150165,0.48333507,0.007220217,0.111913357,0.0,0.044885245,0.5589495,0.010830325,0.16967509,3.046847703,0.297691032,0.331046971,0.083333333,0.535714286,3.463337114,0.0,1.0,brummayer_014_s424309012710560601
229.0,768.0,224.0,753.0,0.022321429,0.019920319,0.0,0.29747676,0.493658172,0.778905956,0.0,1.0,1.246469598,0.013090495,0.473166939,0.008928571,0.044642857,1.045555795,0.0,0.377158035,0.921646746,0.0,0.013111956,0.426153372,0.003984064,0.035856574,2.567325841,0.13975219,0.113549997,0.0,0.5,2.44784322,0.006393731,0.514383743,0.001328021,0.019920319,2.058346025,0.564409031,0.022720581,0.530009407,0.003984064,0.069057105,0.0,0.019622263,0.577610594,0.002656042,0.073041169,3.303393887,0.243925727,0.392965537,0.058039216,0.666666667,3.483582904,0.02,1.0,brummayer_000_s424309012710560587
129.0,431.0,126.0,418.0,0.023809524,0.031100478,0.0,0.301435407,0.458054226,0.828818237,0.0,1.0,1.41784301,0.024246222,0.498052752,0.015873016,0.079365079,1.201209425,0.0,0.375598086,0.877990431,0.0,0.02430622,0.38902738,0.004784689,0.074162679,2.505692367,0.165298905,0.125234906,0.0,0.666666667,2.550984756,0.011636364,0.470509739,0.002392344,0.040669856,2.007876123,0.564593301,0.047961722,0.458718866,0.004784689,0.122009569,0.0,0.036835237,0.573228998,0.007177033,0.124401914,3.307013186,0.241941545,0.391301018,0.079658606,0.533333333,3.487135776,0.02,1.0,brummayer_075_s424309012710560662
230.0,775.0,227.0,766.0,0.013215859,0.011749347,0.0,0.296344648,0.451171826,0.829675112,0.0,1.0,1.296594216,0.012934059,0.463058579,0.008810573,0.044052863,1.035050669,0.0,0.369451697,0.924281984,0.0,0.012950854,0.403688744,0.005221932,0.035248042,2.562995519,0.142072111,0.116129859,0.0,0.555555556,2.479591313,0.006279027,0.47322696,0.001305483,0.019582245,2.049451408,0.565274151,0.021777305,0.52051795,0.003916449,0.063968668,0.0,0.01907096,0.56660879,0.003916449,0.074412533,3.253510639,0.24635265,0.389520025,0.062893082,0.666666667,3.489575737,0.03,1.0,brummayer_068_s424309012710560655
108.0,328.0,107.0,325.0,0.009345794,0.009230769,0.0,0.329230769,0.487882784,0.793421355,0.0,1.0,1.292720055,0.027807333,0.471561531,0.018691589,0.093457944,1.069076122,0.0,0.369230769,0.913846154,0.0,0.027807333,0.4446502,0.009230769,0.092307692,2.422522117,0.145021653,0.124802783,0.0,0.5,2.355998433,0.0134867,0.424986866,0.003076923,0.033846154,1.851488893,0.566153846,0.046815241,0.558129755,0.006153846,0.156923077,0.0,0.042186982,0.615838914,0.006153846,0.163076923,3.226224717,0.289219137,0.36222133,0.087878788,0.666666667,3.501485009,0.01,1.0,brummayer_007_s424309012710560594
168.0,574.0,167.0,569.0,0.005988024,0.008787346,0.0,0.293497364,0.466914944,0.81463683,0.0,1.0,1.418694322,0.018448165,0.526357513,0.011976048,0.05988024,1.176863227,0.0,0.379613357,0.885764499,0.0,0.018448165,0.415954375,0.005272408,0.04745167,2.637024961,0.137838009,0.119891657,0.0,0.5,2.528042685,0.008534776,0.510039898,0.001757469,0.026362039,2.10395753,0.569420035,0.038643276,0.459264188,0.007029877,0.082601054,0.0,0.029330278,0.599125629,0.005272408,0.110720562,3.389354243,0.227820623,0.369572344,0.072695035,0.5,3.422948878,0.03,1.0,brummayer_038_s424309012710560625
212.0,704.0,207.0,683.0,0.024154589,0.030746706,0.0,0.303074671,0.487486346,0.789255104,0.0,1.0,1.255773925,0.01375008,0.409721496,0.009661836,0.048309179,0.983582927,0.0,0.376281113,0.935578331,0.0,0.013808745,0.477768067,0.004392387,0.036603221,2.504314048,0.133394147,0.117248828,0.0,0.5,2.221880357,0.006976143,0.554250869,0.001464129,0.023426061,2.053640298,0.56954612,0.019851865,0.539906507,0.005856515,0.049780381,0.0,0.020776481,0.549216827,0.004392387,0.073206442,3.247231615,0.250244445,0.370233753,0.064716312,0.5,3.401821333,0.03,1.0,brummayer_028_s424309012710560615
136.0,430.0,135.0,426.0,0.007407407,0.009389671,0.0,0.316901408,0.466050004,0.819701221,0.0,1.0,1.319325699,0.021996175,0.494513636,0.014814815,0.074074074,1.08721983,0.0,0.38028169,0.910798122,0.0,0.021996175,0.368484607,0.007042254,0.051643192,2.483046722,0.159383097,0.13176077,0.0,0.6,2.487534652,0.010745957,0.475975763,0.002347418,0.030516432,2.003438422,0.570422535,0.039784385,0.477801153,0.007042254,0.105633803,0.0,0.031420133,0.565848698,0.007042254,0.112676056,3.156424536,0.275586231,0.370782005,0.080782313,0.6,3.519335043,0.01,1.0,brummayer_089_s424309012710560676
142.0,479.0,139.0,461.0,0.021582734,0.039045553,0.0,0.301518438,0.472222222,0.804791645,0.0,1.0,1.40903119,0.021691974,0.509716165,0.014388489,0.071942446,1.138628663,0.0,0.386117137,0.898047722,0.0,0.021707693,0.343746269,0.010845987,0.04989154,2.455942653,0.125804391,0.122938539,0.0,0.5,2.443713388,0.010374422,0.427723811,0.002169197,0.030368764,2.008774006,0.570498915,0.0424251,0.514772138,0.006507592,0.119305857,0.0,0.031761567,0.590049804,0.006507592,0.119305857,3.181279718,0.247952389,0.350767916,0.063348416,0.571428571,3.46666888,0.01,1.0,brummayer_006_s424309012710560593
286.0,992.0,281.0,973.0,0.017793594,0.019527235,0.0,0.288797533,0.471900847,0.802038697,0.0,1.0,1.329300817,0.010405504,0.461584902,0.007117438,0.035587189,1.030988302,0.0,0.37307297,0.926002055,0.0,0.01042484,0.420852359,0.004110997,0.029804728,2.546343363,0.1304436,0.116532588,0.0,0.5,2.457325399,0.005135062,0.512723325,0.001027749,0.018499486,2.07440625,0.571428571,0.017689075,0.504314793,0.004110997,0.042137718,0.0,0.015622211,0.567081057,0.003083248,0.061664954,3.336256797,0.237870377,0.423706946,0.054426705,0.571428571,3.535673667,0.05,1.0,brummayer_015_s424309012710560602
188.0,634.0,185.0,620.0,0.016216216,0.022580645,0.0,0.298387097,0.487607527,0.797616735,0.0,1.0,1.299211838,0.015736704,0.471882661,0.010810811,0.054054054,1.055714034,0.0,0.393548387,0.920967742,0.0,0.015769635,0.406737396,0.008064516,0.058064516,2.416476758,0.140505211,0.122663335,0.0,0.454545455,2.344163316,0.007722651,0.557004425,0.001612903,0.038709677,2.011270109,0.572580645,0.027226508,0.483826182,0.006451613,0.058064516,0.0,0.023033299,0.560517527,0.003225806,0.093548387,3.224999097,0.246263367,0.389187993,0.065337763,0.666666667,3.516718053,0.02,1.0,brummayer_071_s424309012710560658
142.0,455.0,141.0,447.0,0.007092199,0.017897092,0.0,0.315436242,0.507508611,0.752785788,0.0,1.0,1.321641286,0.020435686,0.421934728,0.014184397,0.070921986,1.007717773,0.0,0.369127517,0.93064877,0.0,0.020435686,0.365578541,0.004474273,0.046979866,2.434813715,0.121650957,0.114418955,0.0,0.555555556,2.206515177,0.0105669,0.474479226,0.002237136,0.026845638,2.025922685,0.572706935,0.030685262,0.527544743,0.004474273,0.07606264,0.0,0.028317043,0.533352551,0.006711409,0.102908277,3.050864264,0.271394683,0.349112572,0.073170732,0.571428571,3.459128863,0.01,1.0,brummayer_087_s424309012710560674
107.0,343.0,106.0,335.0,0.009433962,0.023880597,0.0,0.31641791,0.470390903,0.805520467,0.0,1.0,1.34196625,0.028470853,0.508809549,0.018867925,0.094339623,1.069962275,0.0,0.367164179,0.913432836,0.0,0.028470853,0.348385027,0.014925373,0.071641791,2.378758614,0.143667923,0.119625425,0.0,0.6,2.264712534,0.013404675,0.452924806,0.002985075,0.03880597,1.903724605,0.573134328,0.05339341,0.448266317,0.011940299,0.128358209,0.0,0.040864335,0.582280785,0.008955224,0.149253731,3.088001859,0.274588849,0.32579963,0.083509514,0.533333333,3.436396613,0.0,1.0,brummayer_066_s424309012710560653
188.0,613.0,180.0,575.0,0.044444444,0.066086957,0.0,0.313043478,0.473857833,0.816168167,0.0,1.0,1.275289226,0.015797101,0.436527606,0.011111111,0.055555556,1.005198906,0.0,0.39826087,0.933913043,0.0,0.015897814,0.41207097,0.003478261,0.04173913,2.473691308,0.133939847,0.125593642,0.0,0.5,2.271107813,0.007958732,0.457903215,0.00173913,0.022608696,2.021757328,0.573913043,0.023699337,0.577592264,0.003478261,0.067826087,0.0,0.02232741,0.557407397,0.003478261,0.090434783,3.152542539,0.269832077,0.388081378,0.057329463,0.666666667,3.508532922,0.01,1.0,brummayer_076_s424309012710560663
350.0,1193.0,347.0,1176.0,0.008645533,0.014455782,0.0,0.295068027,0.4944134,0.788928287,0.0,1.0,1.318949155,0.008297555,0.46332544,0.005763689,0.028818444,1.020111771,0.0,0.402210884,0.931122449,0.0,0.008309249,0.441263887,0.00255102,0.023809524,2.588956442,0.142043593,0.118964053,0.0,0.555555556,2.418523082,0.004133734,0.523325838,0.00170068,0.014455782,2.086309617,0.573979592,0.014020782,0.549703452,0.003401361,0.039965986,0.0,0.012405132,0.580051253,0.00255102,0.050170068,3.320913224,0.235769841,0.428405222,0.048979592,0.6,3.510441646,0.05,1.0,brummayer_072_s424309012710560659
273.0,954.0,267.0,928.0,0.02247191,0.028017241,0.0,0.287715517,0.487096333,0.786316324,0.0,1.0,1.358868621,0.010997837,0.458922669,0.007490637,0.037453184,1.083743498,0.0,0.380387931,0.911637931,0.0,0.011037095,0.396427625,0.005387931,0.034482759,2.567622515,0.150859223,0.121440706,0.0,0.555555556,2.619623124,0.005620592,0.472381867,0.002155172,0.020474138,2.073669311,0.574353448,0.019041438,0.484976295,0.003232759,0.051724138,0.0,0.016263656,0.552348133,0.003232759,0.070043103,3.300370699,0.232097558,0.394233854,0.053146853,0.527777778,3.482782329,0.03,1.0,brummayer_053_s424309012710560640
149.0,496.0,136.0,441.0,0.095588235,0.124716553,0.0,0.308390023,0.508291041,0.778828092,0.0,1.0,1.38038433,0.021425237,0.473852645,0.014705882,0.073529412,1.104392977,0.0,0.412698413,0.909297052,0.0,0.02185941,0.400882276,0.011337868,0.054421769,2.475814926,0.133054237,0.110176555,0.0,0.555555556,2.372815473,0.01075737,0.536526706,0.002267574,0.034013605,2.093591656,0.580498866,0.037478458,0.532791394,0.009070295,0.081632653,0.0,0.03125241,0.589303046,0.006802721,0.136054422,3.176384944,0.25555726,0.383365074,0.073224044,0.533333333,3.492434032,0.02,1.0,brummayer_060_s424309012710560647
137.0,423.0,134.0,413.0,0.02238806,0.024213075,0.0,0.324455206,0.485135862,0.793814881,0.0,1.0,1.316219753,0.021593004,0.461777613,0.014925373,0.074626866,1.019565484,0.0,0.384987893,0.929782082,0.0,0.021646125,0.40032935,0.00968523,0.055690073,2.408912291,0.14081982,0.127788941,0.0,0.5,2.213995182,0.011159861,0.509583646,0.002421308,0.03874092,1.986605858,0.581113801,0.03500883,0.533749107,0.004842615,0.094430993,0.0,0.030767607,0.575434602,0.007263923,0.128329298,3.101883568,0.279100606,0.365043127,0.078266946,0.6,3.537420932,0.01,1.0,brummayer_033_s424309012710560620
231.0,812.0,205.0,693.0,0.126829268,0.171717172,0.0,0.295815296,0.492888064,0.784780918,0.0,1.0,1.342895048,0.014071024,0.442441188,0.009756098,0.048780488,1.033596767,0.0,0.391053391,0.924963925,0.0,0.014245014,0.386707803,0.007215007,0.037518038,2.480916256,0.144569363,0.127623993,0.0,0.75,2.473381001,0.007355607,0.495327528,0.001443001,0.021645022,2.130664365,0.581529582,0.022584823,0.487199129,0.004329004,0.062049062,0.0,0.020077085,0.528867817,0.004329004,0.069264069,3.173559507,0.251708543,0.397608904,0.060283688,0.666666667,3.524342592,0.03,1.0,brummayer_051_s424309012710560638
77.0,225.0,76.0,218.0,0.013157895,0.032110092,0.0,0.348623853,0.484370904,0.800167407,0.0,1.0,1.416582536,0.040318687,0.515100596,0.026315789,0.131578947,1.192544854,0.0,0.389908257,0.880733945,0.0,0.040318687,0.266382951,0.009174312,0.068807339,2.183654288,0.132171483,0.119731423,0.0,0.5,2.137293705,0.019314341,0.332133256,0.004587156,0.032110092,1.684544178,0.582568807,0.079068083,0.410539433,0.009174312,0.151376147,0.0,0.055845468,0.580162257,0.018348624,0.19266055,2.838951962,0.306764083,0.312694347,0.113636364,0.5,3.461162122,0.0,1.0,brummayer_078_s424309012710560665
66.0,165.0,65.0,161.0,0.015384615,0.02484472,0.0,0.403726708,0.494114167,0.814465291,0.0,1.0,1.296429383,0.042236025,0.400420532,0.030769231,0.153846154,1.028362538,0.0,0.459627329,0.925465839,0.0,0.042236025,0.351997229,0.01242236,0.086956522,2.221125678,0.155421416,0.139407303,0.0,0.6,2.095067789,0.021595796,0.440126496,0.00621118,0.049689441,1.684619569,0.583850932,0.057716197,0.514802167,0.01242236,0.118012422,0.0,0.052235639,0.481586027,0.01242236,0.161490683,2.581604183,0.349514602,0.337974895,0.112318841,0.7,3.229920508,0.0,1.0,brummayer_095_s424309012710560682
124.0,376.0,123.0,372.0,0.008130081,0.010752688,0.0,0.330645161,0.472162485,0.824783489,0.0,1.0,1.318875879,0.023384911,0.480410195,0.016260163,0.081300813,1.021414664,0.0,0.413978495,0.930107527,0.0,0.023384911,0.356029384,0.005376344,0.064516129,2.346538016,0.147579091,0.135985811,0.0,0.6,2.166704395,0.011845441,0.410100747,0.002688172,0.02688172,1.888263663,0.586021505,0.039295393,0.504179201,0.005376344,0.102150538,0.0,0.031896751,0.576738796,0.008064516,0.134408602,2.991056394,0.282633806,0.338421509,0.079268293,0.666666667,3.463298689,0.01,1.0,brummayer_063_s424309012710560650
115.0,353.0,114.0,349.0,0.00877193,0.011461318,0.0,0.326647564,0.436328285,0.869505195,0.0,1.0,1.335962351,0.026190117,0.499086444,0.01754386,0.087719298,1.13672451,0.0,0.389684814,0.893982808,0.0,0.026190117,0.416192598,0.008595989,0.074498567,2.487545508,0.166471136,0.132860157,0.0,0.555555556,2.451782527,0.012843714,0.537790301,0.00286533,0.042979943,2.074646265,0.58739255,0.049062484,0.493202628,0.011461318,0.160458453,0.0,0.038932357,0.588973299,0.008595989,0.1747851,3.172901227,0.264782703,0.371931399,0.076679006,0.535714286,3.473810911,0.01,1.0,brummayer_034_s424309012710560621
83.0,236.0,82.0,233.0,0.012195122,0.012875536,0.0,0.35193133,0.514694461,0.736086058,0.0,1.0,1.233640489,0.035119858,0.427187235,0.024390244,0.12195122,0.935748567,0.0,0.35193133,0.944206009,0.0,0.035119858,0.390260013,0.012875536,0.107296137,2.195327517,0.15415981,0.118339787,0.0,0.428571429,2.14208405,0.018423532,0.512561728,0.004291845,0.068669528,1.938957224,0.587982833,0.050036638,0.5431802,0.017167382,0.120171674,0.0,0.047928678,0.57480027,0.012875536,0.184549356,2.901628725,0.330844766,0.336873964,0.104651163,0.666666667,3.444586757,0.0,1.0,brummayer_045_s424309012710560632
140.0,460.0,127.0,406.0,0.102362205,0.133004926,0.0,0.312807882,0.485014466,0.807964724,0.0,1.0,1.384174535,0.022400217,0.406602985,0.015748031,0.078740157,1.077161728,0.0,0.408866995,0.911330049,0.0,0.022783251,0.325216232,0.009852217,0.04679803,2.327755018,0.149622551,0.131881993,0.0,0.555555556,2.347475935,0.012060472,0.397185596,0.002463054,0.02955665,2.033596447,0.591133005,0.033527263,0.474808074,0.007389163,0.071428571,0.0,0.029738649,0.50803245,0.007389163,0.096059113,2.950166614,0.271416553,0.362242218,0.071794872,0.6,3.460107587,0.01,1.0,brummayer_001_s424309012710560588
95.0,282.0,94.0,276.0,0.010638298,0.02173913,0.0,0.34057971,0.438060732,0.839903519,0.0,1.0,1.330931193,0.031452359,0.456830134,0.021276596,0.106382979,1.047714181,0.0,0.355072464,0.916666667,0.0,0.031452359,0.317134511,0.018115942,0.076086957,2.145827056,0.144905862,0.115982061,0.0,0.428571429,2.123746996,0.016381437,0.416576922,0.003623188,0.047101449,1.888310829,0.601449275,0.052728955,0.459483178,0.014492754,0.126811594,0.0,0.042611846,0.549810489,0.014492754,0.170289855,2.895949398,0.295899392,0.328041944,0.084677419,0.535714286,3.479324511,0.0,1.0,brummayer_008_s424309012710560595
84.0,225.0,83.0,221.0,0.012048193,0.018099548,0.0,0.375565611,0.470171658,0.849199123,0.0,1.0,1.305137434,0.033200676,0.398727488,0.024096386,0.108433735,1.024609409,0.0,0.457013575,0.92760181,0.0,0.033200676,0.320344373,0.009049774,0.067873303,2.088957595,0.144001113,0.115033044,0.0,0.333333333,1.903532397,0.017717931,0.394854478,0.004524887,0.036199095,1.76625521,0.601809955,0.04623017,0.492102886,0.009049774,0.099547511,0.0,0.041235847,0.494615995,0.013574661,0.140271493,2.60462216,0.321409576,0.316507391,0.100985222,0.535714286,3.288475914,0.0,1.0,brummayer_057_s424309012710560644
119.0,383.0,107.0,328.0,0.112149533,0.167682927,0.0,0.326219512,0.448049748,0.877450409,0.0,1.0,1.379833539,0.026983132,0.487887244,0.018691589,0.093457944,1.105088753,0.0,0.448170732,0.908536585,0.0,0.026890244,0.358671099,0.006097561,0.073170732,2.379984197,0.165504365,0.139636164,0.0,0.6,2.412351918,0.013932927,0.429079355,0.00304878,0.036585366,1.953895935,0.603658537,0.047957317,0.450233169,0.00304878,0.100609756,0.0,0.03714307,0.58141616,0.009146341,0.131097561,3.009766492,0.276442267,0.352354985,0.083623693,0.571428571,3.437605845,0.01,1.0,brummayer_040_s424309012710560627
149.0,458.0,144.0,442.0,0.034722222,0.036199095,0.0,0.325791855,0.474912016,0.833127271,0.0,1.0,1.343648849,0.019497863,0.446502172,0.013888889,0.069444444,1.028044506,0.0,0.445701357,0.929864253,0.0,0.019527615,0.378747744,0.00678733,0.045248869,2.382079052,0.145960454,0.134610256,0.0,0.666666667,2.305658149,0.01033343,0.422320285,0.004524887,0.027149321,1.941835214,0.604072398,0.030486826,0.57132785,0.004524887,0.088235294,0.0,0.026514609,0.55449527,0.004524887,0.097285068,3.009179557,0.270784172,0.391306629,0.072874494,0.666666667,3.474892949,0.01,1.0,brummayer_012_s424309012710560599
79.0,213.0,78.0,210.0,0.012820513,0.014285714,0.0,0.371428571,0.459474679,0.830679815,0.0,1.0,1.306655575,0.036630037,0.427784993,0.025641026,0.115384615,0.994924239,0.0,0.395238095,0.933333333,0.0,0.036630037,0.349141805,0.014285714,0.1,2.181611306,0.156777624,0.133149077,0.0,0.5,2.075337179,0.019047619,0.504784798,0.004761905,0.061904762,1.888373695,0.604761905,0.054700855,0.550882727,0.014285714,0.138095238,0.0,0.04829932,0.5451147,0.00952381,0.185714286,2.750658915,0.336830646,0.358881856,0.082051282,0.8,3.541997754,0.0,1.0,brummayer_042_s424309012710560629
113.0,344.0,96.0,278.0,0.177083333,0.237410072,0.0,0.345323741,0.514359941,0.773447233,0.0,1.0,1.242050354,0.028364808,0.369656943,0.020833333,0.09375,0.951771328,0.0,0.456834532,0.942446043,0.0,0.028735632,0.425879836,0.007194245,0.079136691,2.393093332,0.157201695,0.133050566,0.0,0.5,2.311690922,0.015794261,0.488779279,0.003597122,0.04676259,1.994732883,0.615107914,0.035723146,0.492305115,0.007194245,0.086330935,0.0,0.037523938,0.498253311,0.007194245,0.111510791,2.876599743,0.297770269,0.342681064,0.08266129,0.666666667,3.364916403,0.0,1.0,brummayer_025_s424309012710560612
141.0,479.0,120.0,370.0,0.175,0.294594595,0.0,0.324324324,0.433382937,0.901238327,0.0,1.0,1.446333992,0.024504505,0.507096456,0.0,0.083333333,1.243506578,0.005405405,0.437837838,0.878378378,0.0,0.0247921,0.366096806,0.010810811,0.062162162,2.40785101,0.149841516,0.129350627,0.0,0.5,2.363398729,0.012993763,0.504634521,0.002702703,0.043243243,2.038409298,0.621621622,0.046517672,0.434461627,0.008108108,0.097297297,0.0,0.034653031,0.565539797,0.0,0.110810811,3.127948799,0.266193274,0.403456835,0.0,0.666666667,3.567550422,0.01,1.0,brummayer_065_s424309012710560652
84.0,244.0,73.0,204.0,0.150684932,0.196078431,0.0,0.357843137,0.424326953,0.887756364,0.0,1.0,1.379712836,0.039148536,0.410586784,0.02739726,0.123287671,1.109049168,0.0,0.411764706,0.897058824,0.0,0.039441931,0.348422821,0.014705882,0.088235294,2.242732398,0.166903951,0.147245335,0.0,0.6,2.276915271,0.021870287,0.401098373,0.004901961,0.053921569,1.858056302,0.62745098,0.057843137,0.435736004,0.014705882,0.12254902,0.0,0.051614764,0.520643217,0.009803922,0.171568627,2.812117498,0.317049871,0.326148872,0.108045977,0.666666667,3.376989935,0.0,1.0,brummayer_035_s424309012710560622
